ID,Cluster,Songs in Cluster
0BbcjurkvWrkWxKKLzcqIP,0,30
0NfjMqrzcGKVsbYZmhf4Md,0,14
0op6xwVK9pVhcxozSQPEsJ,0,26
0sDO43KAaJUWIYassTKWYf,1,14
1IKDP8o4UvpfLh0SJX2e1b,4,26
1o2bTwofazfzElA5mXGf2t,3,15
1scnlLVq91NGtsA9sh0hfw,0,27
1W2XJETQjFYdzT4GuhBHmS,0,13
2B64RN7KJte5x6iXgg02tv,0,8
2NFOUmp2wyR5CrXtKDkUkB,1,41
2Ph68VcwRfqRdnrKhY3oPS,0,24
2uhsnHgI4F2eFyvoMHY0GR,1,17
2uVP1agvV5rba3MqLQ0pzy,2,15
2VxQy0Q22k1gP542tzaMC,3,26
2YeGkAUQhmO8TCjSMbFYWf,0,8
37i9dQZF1DWSf2RDTDayIx,4,35
37i9dQZF1DWSfMe9z89s9B,0,31
37i9dQZF1DWSIO2QWRavWZ,3,7
37i9dQZF1DWSkMjlBZAZ07,1,36
37i9dQZF1DWSL7w3snV7Gw,2,22
37i9dQZF1DWSlwBojgQEc,0,30
37i9dQZF1DWSNmwgf7Nv11,0,56
37i9dQZF1DWSNpCo0vJUOm,2,20
37i9dQZF1DWSp9aN7lDNHp,4,9
37i9dQZF1DWSPYCQqDPtY7,0,20
37i9dQZF1DWSQeR9oTmnyj,3,32
37i9dQZF1DWSRc3WJklgBs,0,82
37i9dQZF1DWSRMdeGCgprt,1,10
37i9dQZF1DWSRoT7QRAibZ,0,36
37i9dQZF1DWSrVdvTl1tVY,0,33
37i9dQZF1DWSV3Tk4GO2fq,2,45
37i9dQZF1DWSvKsRPPnv5o,0,18
37i9dQZF1DWSxQLa5KoDYW,4,17
37i9dQZF1DWT2jS7NwYPV,0,61
37i9dQZF1DWT6SJaitNDax,1,38
37i9dQZF1DWT6VDwxLyl0W,0,18
37i9dQZF1DWTBNkoD4HmYd,2,21
37i9dQZF1DWTfrr8pte1rT,1,27
37i9dQZF1DWTG97QsiXg,2,18
37i9dQZF1DWTggY0yqBxES,1,18
37i9dQZF1DWThFkopzOaNW,0,15
37i9dQZF1DWTJ7xPn4vNaz,1,34
37i9dQZF1DWTJNOeepZTGy,0,22
37i9dQZF1DWTkxQvqMy4WW,4,26
37i9dQZF1DWTLrNDPW5co2,3,16
37i9dQZF1DWTMR78LDoAZC,0,42
37i9dQZF1DWTqZKf590Jo5,0,8
37i9dQZF1DWTtTyjgd08yp,0,34
37i9dQZF1DWTVIaV4KJYuq,0,36
37i9dQZF1DWTWaD7ByJaBc,0,9
37i9dQZF1DWTwnEm1IYyoj,1,86
37i9dQZF1DWTwzVdyRpXm1,0,24
37i9dQZF1DWU1xHgjMaSpW,1,45
37i9dQZF1DWU2LcZVHsTdv,0,28
37i9dQZF1DWU6Vfrf87eTG,0,39
37i9dQZF1DWUfMnnPBigKP,0,17
37i9dQZF1DWUHyTgDVMaG1,4,18
37i9dQZF1DWUifRttnt99,1,27
37i9dQZF1DWULtPSrLama7,4,10
37i9dQZF1DWULYh276Rum,1,17
37i9dQZF1DWUlZhYdX0uqM,4,22
37i9dQZF1DWUNIrSzKgQbP,3,34
37i9dQZF1DWUq3wF0JVtEy,0,42
37i9dQZF1DWUVpAXiEPK8P,0,19
37i9dQZF1DWUzFXarNiofw,0,13
37i9dQZF1DWV0gynK7G6p,0,30
37i9dQZF1DWV5vqkTng2MA,1,62
37i9dQZF1DWVA1Gq4XHa6U,0,15
37i9dQZF1DWVDVRzaLYm4M,0,17
37i9dQZF1DWVEvzGeX3eRs,1,12
37i9dQZF1DWVFJtzvDHN4L,3,21
37i9dQZF1DWVfS4Cdd3PNf,1,36
37i9dQZF1DWVpjAJGB70vU,3,23
37i9dQZF1DWVPJN9etkrEa,0,22
37i9dQZF1DWVQTBWd2FvK6,2,17
37i9dQZF1DWVRrLXgTbWFy,0,11
37i9dQZF1DWVs8I62NcHks,0,24
37i9dQZF1DWVstK6FYh8Nw,3,19
37i9dQZF1DWVTUSNpU0pKJ,3,27
37i9dQZF1DWVV27DiNWxkR,0,34
37i9dQZF1DWVvXA824aCbn,2,42
37i9dQZF1DWVx3vT1QCKCV,1,13
37i9dQZF1DWVY4eLfA3XFQ,0,36
37i9dQZF1DWW3gTjSx5Dc7,4,8
37i9dQZF1DWW7RgkOJG32Y,2,18
37i9dQZF1DWWc7UGhP4Mpw,1,12
37i9dQZF1DWWEJlAGA9gs0,2,62
37i9dQZF1DWWH0izG4erma,3,27
37i9dQZF1DWWhBhYl3ZMvY,0,14
37i9dQZF1DWWJOmJ7nRx0C,2,41
37i9dQZF1DWWsTBFM3ksVb,2,16
37i9dQZF1DWWUJdr9ahsbf,1,14
37i9dQZF1DWWwaxRea1LWS,1,17
37i9dQZF1DWWxPM4nWdhy,3,16
37i9dQZF1DWWYIyS8LLUDj,3,12
37i9dQZF1DWWYlokKRoQoC,1,33
37i9dQZF1DWX3387IZmjNa,0,18
37i9dQZF1DWX82ahbDuQIz,0,20
37i9dQZF1DWXcA2XXbXQ3d,3,14
37i9dQZF1DWXDAhqlN7e6W,3,13
37i9dQZF1DWXi7h4mmmkz,1,35
37i9dQZF1DWXJfnUiYjUKT,4,33
37i9dQZF1DWXjj6kdiviS0,3,17
37i9dQZF1DWXJyjYpHunCf,2,45
37i9dQZF1DWXLeA8Omikj7,0,38
37i9dQZF1DWXMEbgClM8hw,1,24
37i9dQZF1DWXMg4uP5o3dm,0,39
37i9dQZF1DWXmlLSKkfdAk,2,21
37i9dQZF1DWXMmak2OV7P,4,10
37i9dQZF1DWXN6CDDJDZSt,2,25
37i9dQZF1DWXnexX7Ckta,0,13
37i9dQZF1DWXnRw5VvmZDb,1,24
37i9dQZF1DWXnscMH24yOc,3,67
37i9dQZF1DWXqcBHh7a68,3,13
37i9dQZF1DWXQvLdd1rRK,4,11
37i9dQZF1DWXRqgorJj26U,0,55
37i9dQZF1DWXs1L3AC0Xio,4,27
37i9dQZF1DWXupFIUw7TOC,1,26
37i9dQZF1DWY12BqhkMFW2,1,13
37i9dQZF1DWY1XXKzcWtF3,0,62
37i9dQZF1DWY24WaVcCqqH,0,22
37i9dQZF1DWY3pbjsJ6MxA,0,31
37i9dQZF1DWY3VlkBR4Jhb,2,24
37i9dQZF1DWY4xHQp97fN6,4,31
37i9dQZF1DWY6vTWIdZ54A,4,57
37i9dQZF1DWYEHBVWXZn8H,3,21
37i9dQZF1DWYHkSks5rujC,0,25
37i9dQZF1DWYi4w24l7FTx,3,20
37i9dQZF1DWYiR2Uqcon0,4,23
37i9dQZF1DWYkaDif7Ztbp,0,27
37i9dQZF1DWYmmr74INQlb,2,15
37i9dQZF1DWYnwbYQ5HnZU,2,21
37i9dQZF1DWYrlaUEYy4Vg,0,27
37i9dQZF1DWYrXu9rm1zUZ,2,14
37i9dQZF1DWYzMfRQj22Nd,3,66
37i9dQZF1DWZ0OzPeadl0h,0,26
37i9dQZF1DWZais6SIaMts,2,15
37i9dQZF1DWZAkrucRF6Gq,4,9
37i9dQZF1DWZhMbcax6CUd,2,28
37i9dQZF1DWZjmJmeiazwd,0,49
37i9dQZF1DWZkHEX2YHpDV,0,34
37i9dQZF1DWZm0IlR3JPVY,3,22
37i9dQZF1DWZMCPjHG57gq,2,11
37i9dQZF1DWZnzwzLBft6A,0,27
37i9dQZF1DWZreqadA03A8,0,18
37i9dQZF1DWZTHlwqNeZ4l,4,10
37i9dQZF1DWZtZ8vUCzche,0,63
37i9dQZF1DWZUozJiHy44Y,3,10
37i9dQZF1DWZUWZIwpqsT3,0,15
37i9dQZF1DWZZCoBbLu26P,0,32
37i9dQZF1DX024QaIPhrkq,4,13
37i9dQZF1DX0611i4oGheJ,1,35
37i9dQZF1DX0BcQWzuB7ZO,3,27
37i9dQZF1DX0FIO61wizta,3,25
37i9dQZF1DX0H8hDpv38Ju,1,14
37i9dQZF1DX0HRj9P7Nxe,2,18
37i9dQZF1DX0hvSv9Rf41p,4,25
37i9dQZF1DX0i61tT0OnnK,0,45
37i9dQZF1DX0IyMQV27EGn,4,24
37i9dQZF1DX0LonJ1uN97e,1,21
37i9dQZF1DX0pH2SQMRXnC,0,55
37i9dQZF1DX0r3x8OtiwEM,4,18
37i9dQZF1DX0RwLEp3x6W4,2,20
37i9dQZF1DX0Tkc6ltcBfU,3,32
37i9dQZF1DX0VplLa7NC0a,1,22
37i9dQZF1DX0wiundViT27,1,29
37i9dQZF1DX0XUsuxWHRQd,4,17
37i9dQZF1DX0yL7UvjSKZT,0,24
37i9dQZF1DX0ynPp7KaiSY,3,20
37i9dQZF1DX10zKzsJ2jva,3,14
37i9dQZF1DX12YIlzNkccL,2,33
37i9dQZF1DX16wERbfwQvR,1,19
37i9dQZF1DX177vQ7mVRmP,2,17
37i9dQZF1DX1Jg9KZ76Rr9,1,26
37i9dQZF1DX1kw8OX1mNo,4,27
37i9dQZF1DX1lVhptIYRda,0,17
37i9dQZF1DX1OIMC8iDi74,2,33
37i9dQZF1DX1rVvRgjX59F,1,60
37i9dQZF1DX1tT8vLysk8r,2,19
37i9dQZF1DX1tW4VlEfDSS,4,31
37i9dQZF1DX1uiBEEB5wRG,1,20
37i9dQZF1DX1W7If2h64K3,4,22
37i9dQZF1DX1XDyq5cTk95,2,22
37i9dQZF1DX1xlmTNXq2Qg,4,26
37i9dQZF1DX1YPTAhwehsC,3,15
37i9dQZF1DX1zj9CzXszq,1,12
37i9dQZF1DX21bRPJuEN7r,0,15
37i9dQZF1DX24Kh15JFQJ0,4,22
37i9dQZF1DX28npkgy2RE4,2,36
37i9dQZF1DX2A29LI7xHn1,4,30
37i9dQZF1DX2aneNMeYHQ8,0,39
37i9dQZF1DX2GKumqRIZ7g,0,14
37i9dQZF1DX2kvBlhyEkb6,0,17
37i9dQZF1DX2Ma8k80RiM,3,13
37i9dQZF1DX2mmt7R81K2b,0,18
37i9dQZF1DX2PB4Qx11qXU,0,21
37i9dQZF1DX2pprEpa9URZ,4,24
37i9dQZF1DX2r0FByV5U4C,0,8
37i9dQZF1DX2rBR3X9E86S,3,18
37i9dQZF1DX2RxBh64BHjQ,0,40
37i9dQZF1DX2S9rTKTX6JP,0,28
37i9dQZF1DX2SK4ytI2KAZ,3,31
37i9dQZF1DX2taNm7KfjO,4,50
37i9dQZF1DX2TRYkJECvfC,0,62
37i9dQZF1DX2UgsUIg75Vg,0,14
37i9dQZF1DX30FdZ6jR5Gl,0,16
37i9dQZF1DX32NsLKyzScr,3,82
37i9dQZF1DX35oM5SPECm,0,33
37i9dQZF1DX37CqNpZIOOZ,0,22
37i9dQZF1DX3BqHI5fuXWV,4,34
37i9dQZF1DX3BSwupE5hR7,0,15
37i9dQZF1DX3Csy1LFxjk,1,16
37i9dQZF1DX3Ee0ngF5ZVQ,2,12
37i9dQZF1DX3FNkD0kDpDV,2,20
37i9dQZF1DX3Fzl4v4w9Zp,4,56
37i9dQZF1DX3Hdbt1R3mYP,1,14
37i9dQZF1DX3LyU0mhfqgP,0,48
37i9dQZF1DX3ND264N08pv,4,40
37i9dQZF1DX3V9xyjs9Om5,4,6
37i9dQZF1DX3w9f3pg1Dyc,0,16
37i9dQZF1DX3XjJqhm9fq,0,38
37i9dQZF1DX3yvjXSVJwJV,0,7
37i9dQZF1DX49jUV2NfGku,2,30
37i9dQZF1DX4b3CsyjLN6p,3,6
37i9dQZF1DX4c84KflUhSt,3,16
37i9dQZF1DX4cEqBpR9k1C,2,10
37i9dQZF1DX4cukhkYKVZW,0,16
37i9dQZF1DX4dWEvmDfGoP,0,15
37i9dQZF1DX4dyzvuaRJ0n,1,23
37i9dQZF1DX4EKARgqYPFZ,0,19
37i9dQZF1DX4eRPd9frC1m,3,55
37i9dQZF1DX4JAvHpjipBk,4,32
37i9dQZF1DX4n3DaGTtM0p,0,8
37i9dQZF1DX4o1oenSJRJd,4,31
37i9dQZF1DX4s3V2rTswzO,2,33
37i9dQZF1DX4SBhb3fqCJd,4,11
37i9dQZF1DX4sWSpwq3LiO,3,100
37i9dQZF1DX4UK2Qu9x6KC,3,12
37i9dQZF1DX4UtSsGT1Sbe,4,42
37i9dQZF1DX4y8h9WqDPA,0,16
37i9dQZF1DX4yLn8TpmS3h,0,11
37i9dQZF1DX504r1DvyvxG,4,30
37i9dQZF1DX56crgoe4TG3,0,33
37i9dQZF1DX56qfiUZBncF,0,43
37i9dQZF1DX58NJL8iVBGW,1,63
37i9dQZF1DX59HcpGmPXYR,1,22
37i9dQZF1DX5COO9vTaRpO,4,19
37i9dQZF1DX5CrSNP0mzoZ,1,21
37i9dQZF1DX5GiUwx1edLZ,2,39
37i9dQZF1DX5hR0J49CmXC,1,19
37i9dQZF1DX5jgHoqkhgYj,0,17
37i9dQZF1DX5joH2aOAS4r,2,17
37i9dQZF1DX5k1GSjYBi0z,4,20
37i9dQZF1DX5L9gRaHajqj,4,17
37i9dQZF1DX5M3XSYkKZCl,4,20
37i9dQZF1DX5mB2C8gBeUM,1,25
37i9dQZF1DX5OUjSS1OMgV,2,37
37i9dQZF1DX5P58TnuVGha,4,9
37i9dQZF1DX5Q27plkaOQ3,1,26
37i9dQZF1DX5TMFhaZc9ov,0,37
37i9dQZF1DX5WbJFtYTzv7,3,27
37i9dQZF1DX5WtNRbfbuUo,4,17
37i9dQZF1DX5xCgFwl423z,4,11
37i9dQZF1DX5xFQkXoZxdM,3,20
37i9dQZF1DX5ZPNS2aXuN4,1,17
37i9dQZF1DX62Nfha2yFhL,1,18
37i9dQZF1DX6ALfRKlHn1t,0,36
37i9dQZF1DX6bJVMtDYJHx,4,18
37i9dQZF1DX6bnzK9KPvrz,0,22
37i9dQZF1DX6dvuioZhoLo,4,23
37i9dQZF1DX6GiJlVeD6Ou,3,14
37i9dQZF1DX6GJXiuZRisr,0,127
37i9dQZF1DX6Hln2awUH,0,23
37i9dQZF1DX6JuPU62sIoU,1,15
37i9dQZF1DX6JzJ8vAK836,0,27
37i9dQZF1DX6mvEU1S6INL,4,35
37i9dQZF1DX6p4TJxzMRDe,3,15
37i9dQZF1DX6RDaNNfUPt3,0,9
37i9dQZF1DX6ujZpAN0v9r,3,61
37i9dQZF1DX6VdMW310YC7,0,112
37i9dQZF1DX6VDO8a6cQM,4,13
37i9dQZF1DX6WKkjNUHy2F,2,10
37i9dQZF1DX6z20IXmBjW,1,74
37i9dQZF1DX70TzPK5buVf,2,26
37i9dQZF1DX79Y9Kr2M2tM,3,47
37i9dQZF1DX7cBprxbt1Fn,1,22
37i9dQZF1DX7dzHXrANAir,0,43
37i9dQZF1DX7FLzW9rNIxr,1,9
37i9dQZF1DX7mMRxgkst0Y,4,23
37i9dQZF1DX7nGw3hwYw03,0,18
37i9dQZF1DX7OIddoQVdRt,1,13
37i9dQZF1DX7QOv5kjbU68,0,27
37i9dQZF1DX7TvcXU5TLWg,3,29
37i9dQZF1DX7VulteLVOkq,1,19
37i9dQZF1DX7wHseZmxqFF,4,9
37i9dQZF1DX7Y2xcY13mN1,2,20
37i9dQZF1DX82CY3GzF2m6,2,16
37i9dQZF1DX82GYcclJ3Ug,3,47
37i9dQZF1DX86aPVQf2emM,2,13
37i9dQZF1DX87JE1B72J6C,1,17
37i9dQZF1DX8a1tdzq5tbM,1,47
37i9dQZF1DX8CopunbDxgW,2,34
37i9dQZF1DX8DxW4iib3Eq,2,17
37i9dQZF1DX8f6VxHEcGC,2,21
37i9dQZF1DX8FwnYE6PRvL,1,15
37i9dQZF1DX8gLrc0tlHvS,4,27
37i9dQZF1DX8hPJIYGSAc8,1,18
37i9dQZF1DX8IAL5KfmFJA,0,15
37i9dQZF1DX8kI525v95Yu,1,18
37i9dQZF1DX8N0xov3IdrH,4,20
37i9dQZF1DX8NTLI2TtZa6,0,73
37i9dQZF1DX8NZFqAdV1lo,3,10
37i9dQZF1DX8OYzU0lx5hL,0,18
37i9dQZF1DX8qqIDAkKiQg,1,20
37i9dQZF1DX8S0uQvJ4gaa,3,20
37i9dQZF1DX8SiEKUUEVVi,3,10
37i9dQZF1DX8tZsk68tuDw,3,54
37i9dQZF1DX8WMG8VPSOJC,0,17
37i9dQZF1DX8yMCqd4JdaS,2,17
37i9dQZF1DX91oIci4su1,0,69
37i9dQZF1DX93wmY669mVj,1,21
37i9dQZF1DX94esvuBEVw6,0,19
37i9dQZF1DX94qaYRnkufr,0,25
37i9dQZF1DX95gx8SY6DL,0,31
37i9dQZF1DX9AFOBBZSMWw,0,24
37i9dQZF1DX9AUVnnnNU,4,18
37i9dQZF1DX9G9wwzwWL2k,1,41
37i9dQZF1DX9HwI3Crikcm,2,32
37i9dQZF1DX9l01QzlK1Yo,0,20
37i9dQZF1DX9Mqxt6NLTDY,0,45
37i9dQZF1DX9O8pzsnCkf6,0,51
37i9dQZF1DX9OTdoPfdJpF,0,20
37i9dQZF1DX9pryhDLql25,2,20
37i9dQZF1DX9qkL85stcHs,3,23
37i9dQZF1DX9wa6XirBPv8,4,31
37i9dQZF1DX9ZP5oobcNgA,2,21
37i9dQZF1DXa41CMuUARjl,1,51
37i9dQZF1DXa6YOhGMjjgx,4,44
37i9dQZF1DXa8NOEUWPn9W,0,45
37i9dQZF1DXa9xHlDa5fc6,3,60
37i9dQZF1DXaEC8MQ0kjtY,3,28
37i9dQZF1DXafCT9DHTijq,1,24
37i9dQZF1DXaGNG7NmtmZv,2,16
37i9dQZF1DXah8e1pvF5o,2,43
37i9dQZF1DXajUXy2f1Dsi,0,20
37i9dQZF1DXajWk2WkW4sa,0,12
37i9dQZF1DXaKctwWdt4be,4,17
37i9dQZF1DXaKIA8E7WcJj,2,57
37i9dQZF1DXan38dNVDdl4,2,23
37i9dQZF1DXaQQM8OxjxoC,2,18
37i9dQZF1DXaUDcU6KDCj4,0,66
37i9dQZF1DXaXB8fQg7xif,1,32
37i9dQZF1DXaZan2kzvaVc,1,20
37i9dQZF1DXb85CZUwGLz,3,184
37i9dQZF1DXb9LIXaj5WhL,0,22
37i9dQZF1DXbaZdHeCwl9C,2,15
37i9dQZF1DXbDjX0hus3Iu,0,41
37i9dQZF1DXbj9Ksq4BAdj,3,21
37i9dQZF1DXbmCTvLQy5AO,0,23
37i9dQZF1DXbTxeAdrVG2l,1,35
37i9dQZF1DXbvE0SE0Cczh,2,19
37i9dQZF1DXbW9wx2hgf03,2,22
37i9dQZF1DXbZBKpgxsyXU,4,13
37i9dQZF1DXc0fQ4sGOnVJ,3,22
37i9dQZF1DXc2aPBXGmXrt,2,18
37i9dQZF1DXc7FZ2VBjaeT,1,19
37i9dQZF1DXcBWIGoYBM5M,4,18
37i9dQZF1DXcDxnC0UqHJa,2,31
37i9dQZF1DXcF6B6QPhFDv,1,19
37i9dQZF1DXcFk5r8uS3l2,0,38
37i9dQZF1DXcfZ6moR6J0G,2,22
37i9dQZF1DXcGV9sg8bMdx,3,28
37i9dQZF1DXcHV6YH5zTsV,3,19
37i9dQZF1DXcIVSTUG9zAG,0,14
37i9dQZF1DXcj60FvXn3Et,4,16
37i9dQZF1DXcRXFNfZr7Tp,2,25
37i9dQZF1DXctzlWgrxNLn,1,22
37i9dQZF1DXcWBRiUaG3o5,2,36
37i9dQZF1DXcZDD7cfEKhW,0,18
37i9dQZF1DXdd3gw5QVjt9,3,31
37i9dQZF1DXddGd6mP5X2a,2,34
37i9dQZF1DXdEXmWwCHnI5,4,9
37i9dQZF1DXdgz8ZB7c2CP,1,40
37i9dQZF1DXdLtD0qszB1w,4,34
37i9dQZF1DXdRITMyVwc9y,3,12
37i9dQZF1DXdVelxaccCqL,2,22
37i9dQZF1DXdwF9DytRe8w,1,19
37i9dQZF1DXdWZwKY7xcB3,0,25
37i9dQZF1DXdXKIWnpyigm,3,22
37i9dQZF1DXe5Q8muTQked,4,56
37i9dQZF1DXec50AjHrNTq,1,19
37i9dQZF1DZ06evO3j5vfW,2,18
3OUguxmuL5x24sMAw4qPku,3,25
43rSnXFDoctqiZxvEqH14P,0,17
44Ht3IACEyKqiLBZupIhIk,2,11
44XJR1i3Vl2B3acOEYwin,1,29
5v2J2noHVxPWgSrOw6lZsp,4,51
62Tpw0jhT8kxF3KPbGciTk,0,44
64FJj5HaUHR6KrKSsU8KPx,0,59
6cdV0hVW2suJaMOxzwE46S,3,12
